V_CE,V_C,I_C
0.07,2.76,0.00552
0.1,2.75,0.0055
2.21,2.09,0.00418
6.88,0.587,0.001174
